L T,R T,L T-1,R T-1,L T-2,R T-2,L T-3,R T-3,L T-4,R T-4,L T-5,R T-5,L T-6,R T-6,L T-7,R T-7,L T-8,R T-8,L T-9,R T-9,class
0.910641693,0.39223227,0.894427191,0.419918279,1,0.418681404,0.857400219,0.39223227,0.857400219,0.39223227,0.894427191,0.372104204,0.894427191,0.421997858,0.936200079,0.39223227,1,0.38606293,0.920869155,0.367466797,real
0.894427191,0.419918279,1,0.418681404,0.857400219,0.39223227,0.857400219,0.39223227,0.894427191,0.372104204,0.894427191,0.421997858,0.936200079,0.39223227,1,0.38606293,0.920869155,0.367466797,0.925291513,0.367466797,real
1,0.418681404,0.857400219,0.39223227,0.857400219,0.39223227,0.894427191,0.372104204,0.894427191,0.421997858,0.936200079,0.39223227,1,0.38606293,0.920869155,0.367466797,0.925291513,0.367466797,0.941534113,0.414980754,real
0.857400219,0.39223227,0.857400219,0.39223227,0.894427191,0.372104204,0.894427191,0.421997858,0.936200079,0.39223227,1,0.38606293,0.920869155,0.367466797,0.925291513,0.367466797,0.941534113,0.414980754,0.956996125,0.462818737,real
0.857400219,0.39223227,0.894427191,0.372104204,0.894427191,0.421997858,0.936200079,0.39223227,1,0.38606293,0.920869155,0.367466797,0.925291513,0.367466797,0.941534113,0.414980754,0.956996125,0.462818737,0.956996125,0.462818737,real
0.894427191,0.372104204,0.894427191,0.421997858,0.936200079,0.39223227,1,0.38606293,0.920869155,0.367466797,0.925291513,0.367466797,0.941534113,0.414980754,0.956996125,0.462818737,0.956996125,0.462818737,0.985471383,0.462818737,real
0.894427191,0.421997858,0.936200079,0.39223227,1,0.38606293,0.920869155,0.367466797,0.925291513,0.367466797,0.941534113,0.414980754,0.956996125,0.462818737,0.956996125,0.462818737,0.985471383,0.462818737,0.89690827,0.462818737,real
0.936200079,0.39223227,1,0.38606293,0.920869155,0.367466797,0.925291513,0.367466797,0.941534113,0.414980754,0.956996125,0.462818737,0.956996125,0.462818737,0.985471383,0.462818737,0.89690827,0.462818737,0.99107125,0.48507125,real
1,0.38606293,0.920869155,0.367466797,0.925291513,0.367466797,0.941534113,0.414980754,0.956996125,0.462818737,0.956996125,0.462818737,0.985471383,0.462818737,0.89690827,0.462818737,0.99107125,0.48507125,0.906764701,0.44746088,real
0.920869155,0.367466797,0.925291513,0.367466797,0.941534113,0.414980754,0.956996125,0.462818737,0.956996125,0.462818737,0.985471383,0.462818737,0.89690827,0.462818737,0.99107125,0.48507125,0.906764701,0.44746088,0.99107125,0.446228542,real
0.925291513,0.367466797,0.941534113,0.414980754,0.956996125,0.462818737,0.956996125,0.462818737,0.985471383,0.462818737,0.89690827,0.462818737,0.99107125,0.48507125,0.906764701,0.44746088,0.99107125,0.446228542,0.99107125,0.446228542,real
0.941534113,0.414980754,0.956996125,0.462818737,0.956996125,0.462818737,0.985471383,0.462818737,0.89690827,0.462818737,0.99107125,0.48507125,0.906764701,0.44746088,0.99107125,0.446228542,0.99107125,0.446228542,0.909872987,0.470360434,real
0.956996125,0.462818737,0.956996125,0.462818737,0.985471383,0.462818737,0.89690827,0.462818737,0.99107125,0.48507125,0.906764701,0.44746088,0.99107125,0.446228542,0.99107125,0.446228542,0.909872987,0.470360434,0.887953568,0.461455498,real
0.956996125,0.462818737,0.985471383,0.462818737,0.89690827,0.462818737,0.99107125,0.48507125,0.906764701,0.44746088,0.99107125,0.446228542,0.99107125,0.446228542,0.909872987,0.470360434,0.887953568,0.461455498,0.94751136,0.48507125,real
0.985471383,0.462818737,0.89690827,0.462818737,0.99107125,0.48507125,0.906764701,0.44746088,0.99107125,0.446228542,0.99107125,0.446228542,0.909872987,0.470360434,0.887953568,0.461455498,0.94751136,0.48507125,0.94751136,0.48507125,real
0.89690827,0.462818737,0.99107125,0.48507125,0.906764701,0.44746088,0.99107125,0.446228542,0.99107125,0.446228542,0.909872987,0.470360434,0.887953568,0.461455498,0.94751136,0.48507125,0.94751136,0.48507125,0.99107125,0.48507125,real
0.99107125,0.48507125,0.906764701,0.44746088,0.99107125,0.446228542,0.99107125,0.446228542,0.909872987,0.470360434,0.887953568,0.461455498,0.94751136,0.48507125,0.94751136,0.48507125,0.99107125,0.48507125,0.94848735,0.516115826,real
0.906764701,0.44746088,0.99107125,0.446228542,0.99107125,0.446228542,0.909872987,0.470360434,0.887953568,0.461455498,0.94751136,0.48507125,0.94751136,0.48507125,0.99107125,0.48507125,0.94848735,0.516115826,0.872965615,0.509901951,real
0.99107125,0.446228542,0.99107125,0.446228542,0.909872987,0.470360434,0.887953568,0.461455498,0.94751136,0.48507125,0.94751136,0.48507125,0.99107125,0.48507125,0.94848735,0.516115826,0.872965615,0.509901951,0.872965615,0.509901951,real
0.99107125,0.446228542,0.909872987,0.470360434,0.887953568,0.461455498,0.94751136,0.48507125,0.94751136,0.48507125,0.99107125,0.48507125,0.94848735,0.516115826,0.872965615,0.509901951,0.872965615,0.509901951,0.913500278,0.518099259,real
0.909872987,0.470360434,0.887953568,0.461455498,0.94751136,0.48507125,0.94751136,0.48507125,0.99107125,0.48507125,0.94848735,0.516115826,0.872965615,0.509901951,0.872965615,0.509901951,0.913500278,0.518099259,0.89690827,0.486504255,real
0.887953568,0.461455498,0.94751136,0.48507125,0.94751136,0.48507125,0.99107125,0.48507125,0.94848735,0.516115826,0.872965615,0.509901951,0.872965615,0.509901951,0.913500278,0.518099259,0.89690827,0.486504255,0.898888202,0.44746088,real
0.94751136,0.48507125,0.94751136,0.48507125,0.99107125,0.48507125,0.94848735,0.516115826,0.872965615,0.509901951,0.872965615,0.509901951,0.913500278,0.518099259,0.89690827,0.486504255,0.898888202,0.44746088,0.898888202,0.44746088,real
0.94751136,0.48507125,0.99107125,0.48507125,0.94848735,0.516115826,0.872965615,0.509901951,0.872965615,0.509901951,0.913500278,0.518099259,0.89690827,0.486504255,0.898888202,0.44746088,0.898888202,0.44746088,0.887953568,0.436564125,real
0.99107125,0.48507125,0.94848735,0.516115826,0.872965615,0.509901951,0.872965615,0.509901951,0.913500278,0.518099259,0.89690827,0.486504255,0.898888202,0.44746088,0.898888202,0.44746088,0.887953568,0.436564125,0.936200079,0.435670652,real
0.94848735,0.516115826,0.872965615,0.509901951,0.872965615,0.509901951,0.913500278,0.518099259,0.89690827,0.486504255,0.898888202,0.44746088,0.898888202,0.44746088,0.887953568,0.436564125,0.936200079,0.435670652,0.785135884,0.351744921,real
0.872965615,0.509901951,0.872965615,0.509901951,0.913500278,0.518099259,0.89690827,0.486504255,0.898888202,0.44746088,0.898888202,0.44746088,0.887953568,0.436564125,0.936200079,0.435670652,0.785135884,0.351744921,0.785135884,0.351744921,real
0.872965615,0.509901951,0.913500278,0.518099259,0.89690827,0.486504255,0.898888202,0.44746088,0.898888202,0.44746088,0.887953568,0.436564125,0.936200079,0.435670652,0.785135884,0.351744921,0.785135884,0.351744921,1,0.38606293,real
0.913500278,0.518099259,0.89690827,0.486504255,0.898888202,0.44746088,0.898888202,0.44746088,0.887953568,0.436564125,0.936200079,0.435670652,0.785135884,0.351744921,0.785135884,0.351744921,1,0.38606293,0.936200079,0.414243447,real
0.89690827,0.486504255,0.898888202,0.44746088,0.898888202,0.44746088,0.887953568,0.436564125,0.936200079,0.435670652,0.785135884,0.351744921,0.785135884,0.351744921,1,0.38606293,0.936200079,0.414243447,1,0.462818737,real
0.898888202,0.44746088,0.898888202,0.44746088,0.887953568,0.436564125,0.936200079,0.435670652,0.785135884,0.351744921,0.785135884,0.351744921,1,0.38606293,0.936200079,0.414243447,1,0.462818737,1,0.462818737,real
0.898888202,0.44746088,0.887953568,0.436564125,0.936200079,0.435670652,0.785135884,0.351744921,0.785135884,0.351744921,1,0.38606293,0.936200079,0.414243447,1,0.462818737,1,0.462818737,0.94751136,0.43785383,real
0.887953568,0.436564125,0.936200079,0.435670652,0.785135884,0.351744921,0.785135884,0.351744921,1,0.38606293,0.936200079,0.414243447,1,0.462818737,1,0.462818737,0.94751136,0.43785383,0.936200079,0.414243447,real
0.936200079,0.435670652,0.785135884,0.351744921,0.785135884,0.351744921,1,0.38606293,0.936200079,0.414243447,1,0.462818737,1,0.462818737,0.94751136,0.43785383,0.936200079,0.414243447,0.815097271,0.413802944,real
0.785135884,0.351744921,0.785135884,0.351744921,1,0.38606293,0.936200079,0.414243447,1,0.462818737,1,0.462818737,0.94751136,0.43785383,0.936200079,0.414243447,0.815097271,0.413802944,0.815097271,0.413802944,real
0.785135884,0.351744921,1,0.38606293,0.936200079,0.414243447,1,0.462818737,1,0.462818737,0.94751136,0.43785383,0.936200079,0.414243447,0.815097271,0.413802944,0.815097271,0.413802944,1,0.415438121,real
1,0.38606293,0.936200079,0.414243447,1,0.462818737,1,0.462818737,0.94751136,0.43785383,0.936200079,0.414243447,0.815097271,0.413802944,0.815097271,0.413802944,1,0.415438121,0.846372349,0.414243447,real
0.936200079,0.414243447,1,0.462818737,1,0.462818737,0.94751136,0.43785383,0.936200079,0.414243447,0.815097271,0.413802944,0.815097271,0.413802944,1,0.415438121,0.846372349,0.414243447,1,0.43785383,real
1,0.462818737,1,0.462818737,0.94751136,0.43785383,0.936200079,0.414243447,0.815097271,0.413802944,0.815097271,0.413802944,1,0.415438121,0.846372349,0.414243447,1,0.43785383,1,0.43785383,real
1,0.462818737,0.94751136,0.43785383,0.936200079,0.414243447,0.815097271,0.413802944,0.815097271,0.413802944,1,0.415438121,0.846372349,0.414243447,1,0.43785383,1,0.43785383,0.989130112,0.436564125,real
0.94751136,0.43785383,0.936200079,0.414243447,0.815097271,0.413802944,0.815097271,0.413802944,1,0.415438121,0.846372349,0.414243447,1,0.43785383,1,0.43785383,0.989130112,0.436564125,0.94751136,0.436564125,real
0.936200079,0.414243447,0.815097271,0.413802944,0.815097271,0.413802944,1,0.415438121,0.846372349,0.414243447,1,0.43785383,1,0.43785383,0.989130112,0.436564125,0.94751136,0.436564125,0.909872987,0.48507125,real
0.815097271,0.413802944,0.815097271,0.413802944,1,0.415438121,0.846372349,0.414243447,1,0.43785383,1,0.43785383,0.989130112,0.436564125,0.94751136,0.436564125,0.909872987,0.48507125,0.94751136,0.48308615,real
0.815097271,0.413802944,1,0.415438121,0.846372349,0.414243447,1,0.43785383,1,0.43785383,0.989130112,0.436564125,0.94751136,0.436564125,0.909872987,0.48507125,0.94751136,0.48308615,0.94751136,0.48308615,real
1,0.415438121,0.846372349,0.414243447,1,0.43785383,1,0.43785383,0.989130112,0.436564125,0.94751136,0.436564125,0.909872987,0.48507125,0.94751136,0.48308615,0.94751136,0.48308615,0.955618934,0.491188737,real
0.846372349,0.414243447,1,0.43785383,1,0.43785383,0.989130112,0.436564125,0.94751136,0.436564125,0.909872987,0.48507125,0.94751136,0.48308615,0.94751136,0.48308615,0.955618934,0.491188737,0.955618934,0.520805612,real
1,0.43785383,1,0.43785383,0.989130112,0.436564125,0.94751136,0.436564125,0.909872987,0.48507125,0.94751136,0.48308615,0.94751136,0.48308615,0.955618934,0.491188737,0.955618934,0.520805612,0.913500278,0.491188737,real
1,0.43785383,0.989130112,0.436564125,0.94751136,0.436564125,0.909872987,0.48507125,0.94751136,0.48308615,0.94751136,0.48308615,0.955618934,0.491188737,0.955618934,0.520805612,0.913500278,0.491188737,0.913500278,0.491188737,real
0.989130112,0.436564125,0.94751136,0.436564125,0.909872987,0.48507125,0.94751136,0.48308615,0.94751136,0.48308615,0.955618934,0.491188737,0.955618934,0.520805612,0.913500278,0.491188737,0.913500278,0.491188737,1,0.539268774,real
0.94751136,0.436564125,0.909872987,0.48507125,0.94751136,0.48308615,0.94751136,0.48308615,0.955618934,0.491188737,0.955618934,0.520805612,0.913500278,0.491188737,0.913500278,0.491188737,1,0.539268774,0.962307385,0.547907693,real
0.909872987,0.48507125,0.94751136,0.48308615,0.94751136,0.48308615,0.955618934,0.491188737,0.955618934,0.520805612,0.913500278,0.491188737,0.913500278,0.491188737,1,0.539268774,0.962307385,0.547907693,0.95923292,0.569616222,real
0.94751136,0.48308615,0.94751136,0.48308615,0.955618934,0.491188737,0.955618934,0.520805612,0.913500278,0.491188737,0.913500278,0.491188737,1,0.539268774,0.962307385,0.547907693,0.95923292,0.569616222,0.95923292,0.569616222,real
0.94751136,0.48308615,0.955618934,0.491188737,0.955618934,0.520805612,0.913500278,0.491188737,0.913500278,0.491188737,1,0.539268774,0.962307385,0.547907693,0.95923292,0.569616222,0.95923292,0.569616222,0.923076923,0.585408151,real
0.955618934,0.491188737,0.955618934,0.520805612,0.913500278,0.491188737,0.913500278,0.491188737,1,0.539268774,0.962307385,0.547907693,0.95923292,0.569616222,0.95923292,0.569616222,0.923076923,0.585408151,0.879296844,0.541911545,real
0.955618934,0.520805612,0.913500278,0.491188737,0.913500278,0.491188737,1,0.539268774,0.962307385,0.547907693,0.95923292,0.569616222,0.95923292,0.569616222,0.923076923,0.585408151,0.879296844,0.541911545,0.840279886,0.541911545,real
0.913500278,0.491188737,0.913500278,0.491188737,1,0.539268774,0.962307385,0.547907693,0.95923292,0.569616222,0.95923292,0.569616222,0.923076923,0.585408151,0.879296844,0.541911545,0.840279886,0.541911545,0.840279886,0.541911545,real
0.913500278,0.491188737,1,0.539268774,0.962307385,0.547907693,0.95923292,0.569616222,0.95923292,0.569616222,0.923076923,0.585408151,0.879296844,0.541911545,0.840279886,0.541911545,0.840279886,0.541911545,1,0.493076376,real
1,0.539268774,0.962307385,0.547907693,0.95923292,0.569616222,0.95923292,0.569616222,0.923076923,0.585408151,0.879296844,0.541911545,0.840279886,0.541911545,0.840279886,0.541911545,1,0.493076376,0.956996125,0.477752198,real
0.962307385,0.547907693,0.95923292,0.569616222,0.95923292,0.569616222,0.923076923,0.585408151,0.879296844,0.541911545,0.840279886,0.541911545,0.840279886,0.541911545,1,0.493076376,0.956996125,0.477752198,0.959559647,0.537867372,real
0.95923292,0.569616222,0.95923292,0.569616222,0.923076923,0.585408151,0.879296844,0.541911545,0.840279886,0.541911545,0.840279886,0.541911545,1,0.493076376,0.956996125,0.477752198,0.959559647,0.537867372,0.959559647,0.537867372,real
0.95923292,0.569616222,0.923076923,0.585408151,0.879296844,0.541911545,0.840279886,0.541911545,0.840279886,0.541911545,1,0.493076376,0.956996125,0.477752198,0.959559647,0.537867372,0.959559647,0.537867372,0.996545758,0.544818338,real
0.923076923,0.585408151,0.879296844,0.541911545,0.840279886,0.541911545,0.840279886,0.541911545,1,0.493076376,0.956996125,0.477752198,0.959559647,0.537867372,0.959559647,0.537867372,0.996545758,0.544818338,0.95923292,0.520805612,real
0.879296844,0.541911545,0.840279886,0.541911545,0.840279886,0.541911545,1,0.493076376,0.956996125,0.477752198,0.959559647,0.537867372,0.959559647,0.537867372,0.996545758,0.544818338,0.95923292,0.520805612,0.965146025,0.571667844,real
0.840279886,0.541911545,0.840279886,0.541911545,1,0.493076376,0.956996125,0.477752198,0.959559647,0.537867372,0.959559647,0.537867372,0.996545758,0.544818338,0.95923292,0.520805612,0.965146025,0.571667844,0.965146025,0.571667844,real
0.840279886,0.541911545,1,0.493076376,0.956996125,0.477752198,0.959559647,0.537867372,0.959559647,0.537867372,0.996545758,0.544818338,0.95923292,0.520805612,0.965146025,0.571667844,0.965146025,0.571667844,0.923076923,0.544818338,real
1,0.493076376,0.956996125,0.477752198,0.959559647,0.537867372,0.959559647,0.537867372,0.996545758,0.544818338,0.95923292,0.520805612,0.965146025,0.571667844,0.965146025,0.571667844,0.923076923,0.544818338,0.962307385,0.569616222,real
0.956996125,0.477752198,0.959559647,0.537867372,0.959559647,0.537867372,0.996545758,0.544818338,0.95923292,0.520805612,0.965146025,0.571667844,0.965146025,0.571667844,0.923076923,0.544818338,0.962307385,0.569616222,0.95923292,0.552408037,real
0.959559647,0.537867372,0.959559647,0.537867372,0.996545758,0.544818338,0.95923292,0.520805612,0.965146025,0.571667844,0.965146025,0.571667844,0.923076923,0.544818338,0.962307385,0.569616222,0.95923292,0.552408037,0.95923292,0.552408037,real
0.959559647,0.537867372,0.996545758,0.544818338,0.95923292,0.520805612,0.965146025,0.571667844,0.965146025,0.571667844,0.923076923,0.544818338,0.962307385,0.569616222,0.95923292,0.552408037,0.95923292,0.552408037,1,0.541425519,real
0.996545758,0.544818338,0.95923292,0.520805612,0.965146025,0.571667844,0.965146025,0.571667844,0.923076923,0.544818338,0.962307385,0.569616222,0.95923292,0.552408037,0.95923292,0.552408037,1,0.541425519,0.962557828,0.564829092,real
0.95923292,0.520805612,0.965146025,0.571667844,0.965146025,0.571667844,0.923076923,0.544818338,0.962307385,0.569616222,0.95923292,0.552408037,0.95923292,0.552408037,1,0.541425519,0.962557828,0.564829092,1,0.550425536,real
0.965146025,0.571667844,0.965146025,0.571667844,0.923076923,0.544818338,0.962307385,0.569616222,0.95923292,0.552408037,0.95923292,0.552408037,1,0.541425519,0.962557828,0.564829092,1,0.550425536,1,0.550425536,real
0.965146025,0.571667844,0.923076923,0.544818338,0.962307385,0.569616222,0.95923292,0.552408037,0.95923292,0.552408037,1,0.541425519,0.962557828,0.564829092,1,0.550425536,1,0.550425536,1,0.541425519,real
0.923076923,0.544818338,0.962307385,0.569616222,0.95923292,0.552408037,0.95923292,0.552408037,1,0.541425519,0.962557828,0.564829092,1,0.550425536,1,0.550425536,1,0.541425519,0.962557828,0.564829092,real
0.962307385,0.569616222,0.95923292,0.552408037,0.95923292,0.552408037,1,0.541425519,0.962557828,0.564829092,1,0.550425536,1,0.550425536,1,0.541425519,0.962557828,0.564829092,1,0.564829092,real
0.95923292,0.552408037,0.95923292,0.552408037,1,0.541425519,0.962557828,0.564829092,1,0.550425536,1,0.550425536,1,0.541425519,0.962557828,0.564829092,1,0.564829092,1,0.564829092,real
0.95923292,0.552408037,1,0.541425519,0.962557828,0.564829092,1,0.550425536,1,0.550425536,1,0.541425519,0.962557828,0.564829092,1,0.564829092,1,0.564829092,1,0.52661142,real
1,0.541425519,0.962557828,0.564829092,1,0.550425536,1,0.550425536,1,0.541425519,0.962557828,0.564829092,1,0.564829092,1,0.564829092,1,0.52661142,1,0.564829092,real
0.962557828,0.564829092,1,0.550425536,1,0.550425536,1,0.541425519,0.962557828,0.564829092,1,0.564829092,1,0.564829092,1,0.52661142,1,0.564829092,1,0.562666763,real
1,0.550425536,1,0.550425536,1,0.541425519,0.962557828,0.564829092,1,0.564829092,1,0.564829092,1,0.52661142,1,0.564829092,1,0.562666763,0.920133342,0.543994111,real
1,0.550425536,1,0.541425519,0.962557828,0.564829092,1,0.564829092,1,0.564829092,1,0.52661142,1,0.564829092,1,0.562666763,0.920133342,0.543994111,1,0.543994111,real
1,0.541425519,0.962557828,0.564829092,1,0.564829092,1,0.564829092,1,0.52661142,1,0.564829092,1,0.562666763,0.920133342,0.543994111,1,0.543994111,1,0.543994111,real
0.962557828,0.564829092,1,0.564829092,1,0.564829092,1,0.52661142,1,0.564829092,1,0.562666763,0.920133342,0.543994111,1,0.543994111,1,0.543994111,0.95592526,0.518099259,real
1,0.564829092,1,0.564829092,1,0.52661142,1,0.564829092,1,0.562666763,0.920133342,0.543994111,1,0.543994111,1,0.543994111,0.95592526,0.518099259,0.951831343,0.381058368,real
1,0.564829092,1,0.52661142,1,0.564829092,1,0.562666763,0.920133342,0.543994111,1,0.543994111,1,0.543994111,0.95592526,0.518099259,0.951831343,0.381058368,0.923548145,0.367466797,real
1,0.52661142,1,0.564829092,1,0.562666763,0.920133342,0.543994111,1,0.543994111,1,0.543994111,0.95592526,0.518099259,0.951831343,0.381058368,0.923548145,0.367466797,0.956047671,0.462818737,real
1,0.564829092,1,0.562666763,0.920133342,0.543994111,1,0.543994111,1,0.543994111,0.95592526,0.518099259,0.951831343,0.381058368,0.923548145,0.367466797,0.956047671,0.462818737,0.956047671,0.462818737,real
1,0.562666763,0.920133342,0.543994111,1,0.543994111,1,0.543994111,0.95592526,0.518099259,0.951831343,0.381058368,0.923548145,0.367466797,0.956047671,0.462818737,0.956047671,0.462818737,0.913215344,0.537361514,real
0.920133342,0.543994111,1,0.543994111,1,0.543994111,0.95592526,0.518099259,0.951831343,0.381058368,0.923548145,0.367466797,0.956047671,0.462818737,0.956047671,0.462818737,0.913215344,0.537361514,0.913215344,0.509901951,real
1,0.543994111,1,0.543994111,0.95592526,0.518099259,0.951831343,0.381058368,0.923548145,0.367466797,0.956047671,0.462818737,0.956047671,0.462818737,0.913215344,0.537361514,0.913215344,0.509901951,0.916666667,0.564829092,real
1,0.543994111,0.95592526,0.518099259,0.951831343,0.381058368,0.923548145,0.367466797,0.956047671,0.462818737,0.956047671,0.462818737,0.913215344,0.537361514,0.913215344,0.509901951,0.916666667,0.564829092,0.916666667,0.564829092,real
0.95592526,0.518099259,0.951831343,0.381058368,0.923548145,0.367466797,0.956047671,0.462818737,0.956047671,0.462818737,0.913215344,0.537361514,0.913215344,0.509901951,0.916666667,0.564829092,0.916666667,0.564829092,0.955618934,0.518099259,real
0.951831343,0.381058368,0.923548145,0.367466797,0.956047671,0.462818737,0.956047671,0.462818737,0.913215344,0.537361514,0.913215344,0.509901951,0.916666667,0.564829092,0.916666667,0.564829092,0.955618934,0.518099259,0.913215344,0.535778708,real
0.923548145,0.367466797,0.956047671,0.462818737,0.956047671,0.462818737,0.913215344,0.537361514,0.913215344,0.509901951,0.916666667,0.564829092,0.916666667,0.564829092,0.955618934,0.518099259,0.913215344,0.535778708,0.955627093,0.493076376,real
0.956047671,0.462818737,0.956047671,0.462818737,0.913215344,0.537361514,0.913215344,0.509901951,0.916666667,0.564829092,0.916666667,0.564829092,0.955618934,0.518099259,0.913215344,0.535778708,0.955627093,0.493076376,0.955627093,0.493076376,real
0.956047671,0.462818737,0.913215344,0.537361514,0.913215344,0.509901951,0.916666667,0.564829092,0.916666667,0.564829092,0.955618934,0.518099259,0.913215344,0.535778708,0.955627093,0.493076376,0.955627093,0.493076376,0.955627093,0.509901951,real
0.913215344,0.537361514,0.913215344,0.509901951,0.916666667,0.564829092,0.916666667,0.564829092,0.955618934,0.518099259,0.913215344,0.535778708,0.955627093,0.493076376,0.955627093,0.493076376,0.955627093,0.509901951,0.913215344,0.539934397,real
0.913215344,0.509901951,0.916666667,0.564829092,0.916666667,0.564829092,0.955618934,0.518099259,0.913215344,0.535778708,0.955627093,0.493076376,0.955627093,0.493076376,0.955627093,0.509901951,0.913215344,0.539934397,0.840279886,0.518099259,real
0.916666667,0.564829092,0.916666667,0.564829092,0.955618934,0.518099259,0.913215344,0.535778708,0.955627093,0.493076376,0.955627093,0.493076376,0.955627093,0.509901951,0.913215344,0.539934397,0.840279886,0.518099259,0.840279886,0.518099259,real
0.913215344,0.537361514,0.913215344,0.509901951,0.916666667,0.564829092,0.916666667,0.564829092,0.955618934,0.518099259,0.913215344,0.535778708,0.955627093,0.493076376,0.955627093,0.493076376,0.955627093,0.509901951,0.913215344,0.539934397,real
0.956465628,0.544818338,0.993670822,0.546780644,0.923548145,0.544818338,0.886514444,0.562666763,0.956465628,0.567010594,0.959900627,0.547907693,0.920998633,0.533493566,0.891300311,0.592378915,0.92603145,0.567010594,0.965584249,0.567010594,fake
0.993670822,0.546780644,0.923548145,0.544818338,0.886514444,0.562666763,0.956465628,0.567010594,0.959900627,0.547907693,0.920998633,0.533493566,0.891300311,0.592378915,0.92603145,0.567010594,0.965584249,0.567010594,0.92603145,0.567010594,fake
0.923548145,0.544818338,0.886514444,0.562666763,0.956465628,0.567010594,0.959900627,0.547907693,0.920998633,0.533493566,0.891300311,0.592378915,0.92603145,0.567010594,0.965584249,0.567010594,0.92603145,0.567010594,0.891300311,0.567010594,fake
0.886514444,0.562666763,0.956465628,0.567010594,0.959900627,0.547907693,0.920998633,0.533493566,0.891300311,0.592378915,0.92603145,0.567010594,0.965584249,0.567010594,0.92603145,0.567010594,0.891300311,0.567010594,0.92603145,0.569313804,fake
0.956465628,0.567010594,0.959900627,0.547907693,0.920998633,0.533493566,0.891300311,0.592378915,0.92603145,0.567010594,0.965584249,0.567010594,0.92603145,0.567010594,0.891300311,0.567010594,0.92603145,0.569313804,0.923548145,0.569616222,fake
0.959900627,0.547907693,0.920998633,0.533493566,0.891300311,0.592378915,0.92603145,0.567010594,0.965584249,0.567010594,0.92603145,0.567010594,0.891300311,0.567010594,0.92603145,0.569313804,0.923548145,0.569616222,0.92603145,0.585408151,fake
0.920998633,0.533493566,0.891300311,0.592378915,0.92603145,0.567010594,0.965584249,0.567010594,0.92603145,0.567010594,0.891300311,0.567010594,0.92603145,0.569313804,0.923548145,0.569616222,0.92603145,0.585408151,1,0.567010594,fake
0.891300311,0.592378915,0.92603145,0.567010594,0.965584249,0.567010594,0.92603145,0.567010594,0.891300311,0.567010594,0.92603145,0.569313804,0.923548145,0.569616222,0.92603145,0.585408151,1,0.567010594,0.928947879,0.574315193,fake
0.92603145,0.567010594,0.965584249,0.567010594,0.92603145,0.567010594,0.891300311,0.567010594,0.92603145,0.569313804,0.923548145,0.569616222,0.92603145,0.585408151,1,0.567010594,0.928947879,0.574315193,0.92603145,0.569616222,fake
0.965584249,0.567010594,0.92603145,0.567010594,0.891300311,0.567010594,0.92603145,0.569313804,0.923548145,0.569616222,0.92603145,0.585408151,1,0.567010594,0.928947879,0.574315193,0.92603145,0.569616222,0.965146025,0.574315193,fake
0.92603145,0.567010594,0.891300311,0.567010594,0.92603145,0.569313804,0.923548145,0.569616222,0.92603145,0.585408151,1,0.567010594,0.928947879,0.574315193,0.92603145,0.569616222,0.965146025,0.574315193,0.928947879,0.595657361,fake
0.891300311,0.567010594,0.92603145,0.569313804,0.923548145,0.569616222,0.92603145,0.585408151,1,0.567010594,0.928947879,0.574315193,0.92603145,0.569616222,0.965146025,0.574315193,0.928947879,0.595657361,0.933638804,0.543323108,fake
0.92603145,0.569313804,0.923548145,0.569616222,0.92603145,0.585408151,1,0.567010594,0.928947879,0.574315193,0.92603145,0.569616222,0.965146025,0.574315193,0.928947879,0.595657361,0.933638804,0.543323108,0.933638804,0.585205736,fake
0.923548145,0.569616222,0.92603145,0.585408151,1,0.567010594,0.928947879,0.574315193,0.92603145,0.569616222,0.965146025,0.574315193,0.928947879,0.595657361,0.933638804,0.543323108,0.933638804,0.585205736,0.935553246,0.570675475,fake
0.92603145,0.585408151,1,0.567010594,0.928947879,0.574315193,0.92603145,0.569616222,0.965146025,0.574315193,0.928947879,0.595657361,0.933638804,0.543323108,0.933638804,0.585205736,0.935553246,0.570675475,0.901316334,0.55215763,fake
1,0.567010594,0.928947879,0.574315193,0.92603145,0.569616222,0.965146025,0.574315193,0.928947879,0.595657361,0.933638804,0.543323108,0.933638804,0.585205736,0.935553246,0.570675475,0.901316334,0.55215763,0.943954757,0.55215763,fake
0.928947879,0.574315193,0.92603145,0.569616222,0.965146025,0.574315193,0.928947879,0.595657361,0.933638804,0.543323108,0.933638804,0.585205736,0.935553246,0.570675475,0.901316334,0.55215763,0.943954757,0.55215763,0.936102911,0.591760514,fake
0.92603145,0.569616222,0.965146025,0.574315193,0.928947879,0.595657361,0.933638804,0.543323108,0.933638804,0.585205736,0.935553246,0.570675475,0.901316334,0.55215763,0.943954757,0.55215763,0.936102911,0.591760514,0.965380113,0.554700196,fake
0.965146025,0.574315193,0.928947879,0.595657361,0.933638804,0.543323108,0.933638804,0.585205736,0.935553246,0.570675475,0.901316334,0.55215763,0.943954757,0.55215763,0.936102911,0.591760514,0.965380113,0.554700196,0.91444349,0.560100712,fake
0.928947879,0.595657361,0.933638804,0.543323108,0.933638804,0.585205736,0.935553246,0.570675475,0.901316334,0.55215763,0.943954757,0.55215763,0.936102911,0.591760514,0.965380113,0.554700196,0.91444349,0.560100712,0.912722964,0.595911035,fake
0.933638804,0.543323108,0.933638804,0.585205736,0.935553246,0.570675475,0.901316334,0.55215763,0.943954757,0.55215763,0.936102911,0.591760514,0.965380113,0.554700196,0.91444349,0.560100712,0.912722964,0.595911035,0.946864153,0.579287987,fake
0.933638804,0.585205736,0.935553246,0.570675475,0.901316334,0.55215763,0.943954757,0.55215763,0.936102911,0.591760514,0.965380113,0.554700196,0.91444349,0.560100712,0.912722964,0.595911035,0.946864153,0.579287987,0.936553846,0.546316336,fake
0.935553246,0.570675475,0.901316334,0.55215763,0.943954757,0.55215763,0.936102911,0.591760514,0.965380113,0.554700196,0.91444349,0.560100712,0.912722964,0.595911035,0.946864153,0.579287987,0.936553846,0.546316336,0.886601144,0.565685425,fake
0.901316334,0.55215763,0.943954757,0.55215763,0.936102911,0.591760514,0.965380113,0.554700196,0.91444349,0.560100712,0.912722964,0.595911035,0.946864153,0.579287987,0.936553846,0.546316336,0.886601144,0.565685425,0.943286437,0.567278937,fake
0.943954757,0.55215763,0.936102911,0.591760514,0.965380113,0.554700196,0.91444349,0.560100712,0.912722964,0.595911035,0.946864153,0.579287987,0.936553846,0.546316336,0.886601144,0.565685425,0.943286437,0.567278937,0.949493792,0.55396331,fake
0.936102911,0.591760514,0.965380113,0.554700196,0.91444349,0.560100712,0.912722964,0.595911035,0.946864153,0.579287987,0.936553846,0.546316336,0.886601144,0.565685425,0.943286437,0.567278937,0.949493792,0.55396331,0.949493792,0.570826328,fake
0.965380113,0.554700196,0.91444349,0.560100712,0.912722964,0.595911035,0.946864153,0.579287987,0.936553846,0.546316336,0.886601144,0.565685425,0.943286437,0.567278937,0.949493792,0.55396331,0.949493792,0.570826328,0.946309001,0.570574759,fake
0.91444349,0.560100712,0.912722964,0.595911035,0.946864153,0.579287987,0.936553846,0.546316336,0.886601144,0.565685425,0.943286437,0.567278937,0.949493792,0.55396331,0.949493792,0.570826328,0.946309001,0.570574759,0.921777198,0.608079989,fake
0.912722964,0.595911035,0.946864153,0.579287987,0.936553846,0.546316336,0.886601144,0.565685425,0.943286437,0.567278937,0.949493792,0.55396331,0.949493792,0.570826328,0.946309001,0.570574759,0.921777198,0.608079989,0.90821367,0.608426294,fake
0.946864153,0.579287987,0.936553846,0.546316336,0.886601144,0.565685425,0.943286437,0.567278937,0.949493792,0.55396331,0.949493792,0.570826328,0.946309001,0.570574759,0.921777198,0.608079989,0.90821367,0.608426294,0.926021782,0.576764424,fake
0.936553846,0.546316336,0.886601144,0.565685425,0.943286437,0.567278937,0.949493792,0.55396331,0.949493792,0.570826328,0.946309001,0.570574759,0.921777198,0.608079989,0.90821367,0.608426294,0.926021782,0.576764424,0.926021782,0.576764424,fake
0.886601144,0.565685425,0.943286437,0.567278937,0.949493792,0.55396331,0.949493792,0.570826328,0.946309001,0.570574759,0.921777198,0.608079989,0.90821367,0.608426294,0.926021782,0.576764424,0.926021782,0.576764424,0.900263192,0.564173813,fake
0.943286437,0.567278937,0.949493792,0.55396331,0.949493792,0.570826328,0.946309001,0.570574759,0.921777198,0.608079989,0.90821367,0.608426294,0.926021782,0.576764424,0.926021782,0.576764424,0.900263192,0.564173813,0.94902771,0.582425387,fake
0.949493792,0.55396331,0.949493792,0.570826328,0.946309001,0.570574759,0.921777198,0.608079989,0.90821367,0.608426294,0.926021782,0.576764424,0.926021782,0.576764424,0.900263192,0.564173813,0.94902771,0.582425387,0.901044498,0.567397527,fake
0.949493792,0.570826328,0.946309001,0.570574759,0.921777198,0.608079989,0.90821367,0.608426294,0.926021782,0.576764424,0.926021782,0.576764424,0.900263192,0.564173813,0.94902771,0.582425387,0.901044498,0.567397527,0.94902771,0.552116576,fake
0.946309001,0.570574759,0.921777198,0.608079989,0.90821367,0.608426294,0.926021782,0.576764424,0.926021782,0.576764424,0.900263192,0.564173813,0.94902771,0.582425387,0.901044498,0.567397527,0.94902771,0.552116576,0.94902771,0.571636361,fake
0.921777198,0.608079989,0.90821367,0.608426294,0.926021782,0.576764424,0.926021782,0.576764424,0.900263192,0.564173813,0.94902771,0.582425387,0.901044498,0.567397527,0.94902771,0.552116576,0.94902771,0.571636361,0.89874212,0.55985645,fake
0.90821367,0.608426294,0.926021782,0.576764424,0.926021782,0.576764424,0.900263192,0.564173813,0.94902771,0.582425387,0.901044498,0.567397527,0.94902771,0.552116576,0.94902771,0.571636361,0.89874212,0.55985645,0.923429896,0.555351599,fake
0.926021782,0.576764424,0.926021782,0.576764424,0.900263192,0.564173813,0.94902771,0.582425387,0.901044498,0.567397527,0.94902771,0.552116576,0.94902771,0.571636361,0.89874212,0.55985645,0.923429896,0.555351599,0.951952396,0.58517954,fake
0.926021782,0.576764424,0.900263192,0.564173813,0.94902771,0.582425387,0.901044498,0.567397527,0.94902771,0.552116576,0.94902771,0.571636361,0.89874212,0.55985645,0.923429896,0.555351599,0.951952396,0.58517954,0.925096237,0.57312054,fake
0.900263192,0.564173813,0.94902771,0.582425387,0.901044498,0.567397527,0.94902771,0.552116576,0.94902771,0.571636361,0.89874212,0.55985645,0.923429896,0.555351599,0.951952396,0.58517954,0.925096237,0.57312054,0.905662586,0.57423112,fake
0.94902771,0.582425387,0.901044498,0.567397527,0.94902771,0.552116576,0.94902771,0.571636361,0.89874212,0.55985645,0.923429896,0.555351599,0.951952396,0.58517954,0.925096237,0.57312054,0.905662586,0.57423112,0.931954573,0.577112236,fake
0.901044498,0.567397527,0.94902771,0.552116576,0.94902771,0.571636361,0.89874212,0.55985645,0.923429896,0.555351599,0.951952396,0.58517954,0.925096237,0.57312054,0.905662586,0.57423112,0.931954573,0.577112236,0.93260518,0.561545976,fake
0.94902771,0.552116576,0.94902771,0.571636361,0.89874212,0.55985645,0.923429896,0.555351599,0.951952396,0.58517954,0.925096237,0.57312054,0.905662586,0.57423112,0.931954573,0.577112236,0.93260518,0.561545976,0.952819589,0.577112236,fake
0.94902771,0.571636361,0.89874212,0.55985645,0.923429896,0.555351599,0.951952396,0.58517954,0.925096237,0.57312054,0.905662586,0.57423112,0.931954573,0.577112236,0.93260518,0.561545976,0.952819589,0.577112236,0.958697618,0.577112236,fake
0.89874212,0.55985645,0.923429896,0.555351599,0.951952396,0.58517954,0.925096237,0.57312054,0.905662586,0.57423112,0.931954573,0.577112236,0.93260518,0.561545976,0.952819589,0.577112236,0.958697618,0.577112236,0.927119497,0.57423112,fake
0.923429896,0.555351599,0.951952396,0.58517954,0.925096237,0.57312054,0.905662586,0.57423112,0.931954573,0.577112236,0.93260518,0.561545976,0.952819589,0.577112236,0.958697618,0.577112236,0.927119497,0.57423112,0.925096237,0.57312054,fake
0.951952396,0.58517954,0.925096237,0.57312054,0.905662586,0.57423112,0.931954573,0.577112236,0.93260518,0.561545976,0.952819589,0.577112236,0.958697618,0.577112236,0.927119497,0.57423112,0.925096237,0.57312054,0.925096237,0.571636361,fake
0.925096237,0.57312054,0.905662586,0.57423112,0.931954573,0.577112236,0.93260518,0.561545976,0.952819589,0.577112236,0.958697618,0.577112236,0.927119497,0.57423112,0.925096237,0.57312054,0.925096237,0.571636361,0.923429896,0.568481074,fake
0.905662586,0.57423112,0.931954573,0.577112236,0.93260518,0.561545976,0.952819589,0.577112236,0.958697618,0.577112236,0.927119497,0.57423112,0.925096237,0.57312054,0.925096237,0.571636361,0.923429896,0.568481074,0.919350575,0.560923694,fake
0.931954573,0.577112236,0.93260518,0.561545976,0.952819589,0.577112236,0.958697618,0.577112236,0.927119497,0.57423112,0.925096237,0.57312054,0.925096237,0.571636361,0.923429896,0.568481074,0.919350575,0.560923694,0.976086012,0.587269453,fake
0.93260518,0.561545976,0.952819589,0.577112236,0.958697618,0.577112236,0.927119497,0.57423112,0.925096237,0.57312054,0.925096237,0.571636361,0.923429896,0.568481074,0.919350575,0.560923694,0.976086012,0.587269453,0.895957435,0.602978269,fake
0.952819589,0.577112236,0.958697618,0.577112236,0.927119497,0.57423112,0.925096237,0.57312054,0.925096237,0.571636361,0.923429896,0.568481074,0.919350575,0.560923694,0.976086012,0.587269453,0.895957435,0.602978269,0.936553846,0.582861667,fake
0.958697618,0.577112236,0.927119497,0.57423112,0.925096237,0.57312054,0.925096237,0.571636361,0.923429896,0.568481074,0.919350575,0.560923694,0.976086012,0.587269453,0.895957435,0.602978269,0.936553846,0.582861667,0.939906595,0.554700196,fake
0.927119497,0.57423112,0.925096237,0.57312054,0.925096237,0.571636361,0.923429896,0.568481074,0.919350575,0.560923694,0.976086012,0.587269453,0.895957435,0.602978269,0.936553846,0.582861667,0.939906595,0.554700196,0.909311965,0.571273832,fake
0.925096237,0.57312054,0.925096237,0.571636361,0.923429896,0.568481074,0.919350575,0.560923694,0.976086012,0.587269453,0.895957435,0.602978269,0.936553846,0.582861667,0.939906595,0.554700196,0.909311965,0.571273832,0.936102911,0.569151058,fake
0.925096237,0.571636361,0.923429896,0.568481074,0.919350575,0.560923694,0.976086012,0.587269453,0.895957435,0.602978269,0.936553846,0.582861667,0.939906595,0.554700196,0.909311965,0.571273832,0.936102911,0.569151058,0.933638804,0.567732956,fake
0.923429896,0.568481074,0.919350575,0.560923694,0.976086012,0.587269453,0.895957435,0.602978269,0.936553846,0.582861667,0.939906595,0.554700196,0.909311965,0.571273832,0.936102911,0.569151058,0.933638804,0.567732956,0.962494644,0.562794987,fake
0.919350575,0.560923694,0.976086012,0.587269453,0.895957435,0.602978269,0.936553846,0.582861667,0.939906595,0.554700196,0.909311965,0.571273832,0.936102911,0.569151058,0.933638804,0.567732956,0.962494644,0.562794987,0.926727322,0.597127362,fake
0.976086012,0.587269453,0.895957435,0.602978269,0.936553846,0.582861667,0.939906595,0.554700196,0.909311965,0.571273832,0.936102911,0.569151058,0.933638804,0.567732956,0.962494644,0.562794987,0.926727322,0.597127362,0.921954446,0.571771875,fake
0.895957435,0.602978269,0.936553846,0.582861667,0.939906595,0.554700196,0.909311965,0.571273832,0.936102911,0.569151058,0.933638804,0.567732956,0.962494644,0.562794987,0.926727322,0.597127362,0.921954446,0.571771875,0.886514444,0.571771875,fake
0.936553846,0.582861667,0.939906595,0.554700196,0.909311965,0.571273832,0.936102911,0.569151058,0.933638804,0.567732956,0.962494644,0.562794987,0.926727322,0.597127362,0.921954446,0.571771875,0.886514444,0.571771875,0.923548145,0.543994111,fake
0.939906595,0.554700196,0.909311965,0.571273832,0.936102911,0.569151058,0.933638804,0.567732956,0.962494644,0.562794987,0.926727322,0.597127362,0.921954446,0.571771875,0.886514444,0.571771875,0.923548145,0.543994111,0.956465628,0.562557187,fake
0.909311965,0.571273832,0.936102911,0.569151058,0.933638804,0.567732956,0.962494644,0.562794987,0.926727322,0.597127362,0.921954446,0.571771875,0.886514444,0.571771875,0.923548145,0.543994111,0.956465628,0.562557187,0.992537209,0.537867372,fake
0.936102911,0.569151058,0.933638804,0.567732956,0.962494644,0.562794987,0.926727322,0.597127362,0.921954446,0.571771875,0.886514444,0.571771875,0.923548145,0.543994111,0.956465628,0.562557187,0.992537209,0.537867372,0.920133342,0.581712757,fake
0.933638804,0.567732956,0.962494644,0.562794987,0.926727322,0.597127362,0.921954446,0.571771875,0.886514444,0.571771875,0.923548145,0.543994111,0.956465628,0.562557187,0.992537209,0.537867372,0.920133342,0.581712757,0.95592526,0.575543222,fake
0.962494644,0.562794987,0.926727322,0.597127362,0.921954446,0.571771875,0.886514444,0.571771875,0.923548145,0.543994111,0.956465628,0.562557187,0.992537209,0.537867372,0.920133342,0.581712757,0.95592526,0.575543222,0.917267306,0.579870675,fake
0.926727322,0.597127362,0.921954446,0.571771875,0.886514444,0.571771875,0.923548145,0.543994111,0.956465628,0.562557187,0.992537209,0.537867372,0.920133342,0.581712757,0.95592526,0.575543222,0.917267306,0.579870675,0.952398654,0.552268051,fake
0.921954446,0.571771875,0.886514444,0.571771875,0.923548145,0.543994111,0.956465628,0.562557187,0.992537209,0.537867372,0.920133342,0.581712757,0.95592526,0.575543222,0.917267306,0.579870675,0.952398654,0.552268051,0.872965615,0.572290816,fake
0.886514444,0.571771875,0.923548145,0.543994111,0.956465628,0.562557187,0.992537209,0.537867372,0.920133342,0.581712757,0.95592526,0.575543222,0.917267306,0.579870675,0.952398654,0.552268051,0.872965615,0.572290816,0.94848735,0.544650618,fake
0.923548145,0.543994111,0.956465628,0.562557187,0.992537209,0.537867372,0.920133342,0.581712757,0.95592526,0.575543222,0.917267306,0.579870675,0.952398654,0.552268051,0.872965615,0.572290816,0.94848735,0.544650618,0.872965615,0.593802287,fake
0.956465628,0.562557187,0.992537209,0.537867372,0.920133342,0.581712757,0.95592526,0.575543222,0.917267306,0.579870675,0.952398654,0.552268051,0.872965615,0.572290816,0.94848735,0.544650618,0.872965615,0.593802287,0.913215344,0.57312054,fake
0.992537209,0.537867372,0.920133342,0.581712757,0.95592526,0.575543222,0.917267306,0.579870675,0.952398654,0.552268051,0.872965615,0.572290816,0.94848735,0.544650618,0.872965615,0.593802287,0.913215344,0.57312054,0.913215344,0.570214441,fake
0.920133342,0.581712757,0.95592526,0.575543222,0.917267306,0.579870675,0.952398654,0.552268051,0.872965615,0.572290816,0.94848735,0.544650618,0.872965615,0.593802287,0.913215344,0.57312054,0.913215344,0.570214441,0.913215344,0.61697263,fake
0.95592526,0.575543222,0.917267306,0.579870675,0.952398654,0.552268051,0.872965615,0.572290816,0.94848735,0.544650618,0.872965615,0.593802287,0.913215344,0.57312054,0.913215344,0.570214441,0.913215344,0.61697263,0.913215344,0.56445725,fake
0.917267306,0.579870675,0.952398654,0.552268051,0.872965615,0.572290816,0.94848735,0.544650618,0.872965615,0.593802287,0.913215344,0.57312054,0.913215344,0.570214441,0.913215344,0.61697263,0.913215344,0.56445725,0.873077403,0.592464379,fake
0.952398654,0.552268051,0.872965615,0.572290816,0.94848735,0.544650618,0.872965615,0.593802287,0.913215344,0.57312054,0.913215344,0.570214441,0.913215344,0.61697263,0.913215344,0.56445725,0.873077403,0.592464379,0.904988688,0.592464379,fake
0.872965615,0.572290816,0.94848735,0.544650618,0.872965615,0.593802287,0.913215344,0.57312054,0.913215344,0.570214441,0.913215344,0.61697263,0.913215344,0.56445725,0.873077403,0.592464379,0.904988688,0.592464379,0.94751136,0.56136673,fake
0.94848735,0.544650618,0.872965615,0.593802287,0.913215344,0.57312054,0.913215344,0.570214441,0.913215344,0.61697263,0.913215344,0.56445725,0.873077403,0.592464379,0.904988688,0.592464379,0.94751136,0.56136673,0.956047671,0.5876216,fake
0.872965615,0.593802287,0.913215344,0.57312054,0.913215344,0.570214441,0.913215344,0.61697263,0.913215344,0.56445725,0.873077403,0.592464379,0.904988688,0.592464379,0.94751136,0.56136673,0.956047671,0.5876216,0.956047671,0.505816403,fake
0.913215344,0.57312054,0.913215344,0.570214441,0.913215344,0.61697263,0.913215344,0.56445725,0.873077403,0.592464379,0.904988688,0.592464379,0.94751136,0.56136673,0.956047671,0.5876216,0.956047671,0.505816403,0.861280023,0.5876216,fake
0.913215344,0.570214441,0.913215344,0.61697263,0.913215344,0.56445725,0.873077403,0.592464379,0.904988688,0.592464379,0.94751136,0.56136673,0.956047671,0.5876216,0.956047671,0.505816403,0.861280023,0.5876216,0.946593685,0.5876216,fake
0.913215344,0.61697263,0.913215344,0.56445725,0.873077403,0.592464379,0.904988688,0.592464379,0.94751136,0.56136673,0.956047671,0.5876216,0.956047671,0.505816403,0.861280023,0.5876216,0.946593685,0.5876216,1,0.586401033,fake
0.913215344,0.56445725,0.873077403,0.592464379,0.904988688,0.592464379,0.94751136,0.56136673,0.956047671,0.5876216,0.956047671,0.505816403,0.861280023,0.5876216,0.946593685,0.5876216,1,0.586401033,0.946593685,0.552116576,fake
0.873077403,0.592464379,0.904988688,0.592464379,0.94751136,0.56136673,0.956047671,0.5876216,0.956047671,0.505816403,0.861280023,0.5876216,0.946593685,0.5876216,1,0.586401033,0.946593685,0.552116576,0.95131488,0.582622984,fake
0.904988688,0.592464379,0.94751136,0.56136673,0.956047671,0.5876216,0.956047671,0.505816403,0.861280023,0.5876216,0.946593685,0.5876216,1,0.586401033,0.946593685,0.552116576,0.95131488,0.582622984,0.946593685,0.562351595,fake
0.94751136,0.56136673,0.956047671,0.5876216,0.956047671,0.505816403,0.861280023,0.5876216,0.946593685,0.5876216,1,0.586401033,0.946593685,0.552116576,0.95131488,0.582622984,0.946593685,0.562351595,0.895533471,0.556238896,fake
0.956047671,0.5876216,0.956047671,0.505816403,0.861280023,0.5876216,0.946593685,0.5876216,1,0.586401033,0.946593685,0.552116576,0.95131488,0.582622984,0.946593685,0.562351595,0.895533471,0.556238896,0.946593685,0.548559414,fake
0.956047671,0.505816403,0.861280023,0.5876216,0.946593685,0.5876216,1,0.586401033,0.946593685,0.552116576,0.95131488,0.582622984,0.946593685,0.562351595,0.895533471,0.556238896,0.946593685,0.548559414,0.946593685,0.548559414,fake
0.861280023,0.5876216,0.946593685,0.5876216,1,0.586401033,0.946593685,0.552116576,0.95131488,0.582622984,0.946593685,0.562351595,0.895533471,0.556238896,0.946593685,0.548559414,0.946593685,0.548559414,0.904988688,0.552116576,fake
0.946593685,0.5876216,1,0.586401033,0.946593685,0.552116576,0.95131488,0.582622984,0.946593685,0.562351595,0.895533471,0.556238896,0.946593685,0.548559414,0.946593685,0.548559414,0.904988688,0.552116576,0.895044676,0.582622984,fake
1,0.586401033,0.946593685,0.552116576,0.95131488,0.582622984,0.946593685,0.562351595,0.895533471,0.556238896,0.946593685,0.548559414,0.946593685,0.548559414,0.904988688,0.552116576,0.895044676,0.582622984,0.95131488,0.576764424,fake
0.946593685,0.552116576,0.95131488,0.582622984,0.946593685,0.562351595,0.895533471,0.556238896,0.946593685,0.548559414,0.946593685,0.548559414,0.904988688,0.552116576,0.895044676,0.582622984,0.95131488,0.576764424,0.946593685,0.548559414,fake
0.95131488,0.582622984,0.946593685,0.562351595,0.895533471,0.556238896,0.946593685,0.548559414,0.946593685,0.548559414,0.904988688,0.552116576,0.895044676,0.582622984,0.95131488,0.576764424,0.946593685,0.548559414,0.895533471,0.548559414,fake
0.946593685,0.562351595,0.895533471,0.556238896,0.946593685,0.548559414,0.946593685,0.548559414,0.904988688,0.552116576,0.895044676,0.582622984,0.95131488,0.576764424,0.946593685,0.548559414,0.895533471,0.548559414,0.904988688,0.548559414,fake
0.895533471,0.556238896,0.946593685,0.548559414,0.946593685,0.548559414,0.904988688,0.552116576,0.895044676,0.582622984,0.95131488,0.576764424,0.946593685,0.548559414,0.895533471,0.548559414,0.904988688,0.548559414,0.895533471,0.612579423,fake
0.946593685,0.548559414,0.946593685,0.548559414,0.904988688,0.552116576,0.895044676,0.582622984,0.95131488,0.576764424,0.946593685,0.548559414,0.895533471,0.548559414,0.904988688,0.548559414,0.895533471,0.612579423,0.895044676,0.576764424,fake
0.946593685,0.548559414,0.904988688,0.552116576,0.895044676,0.582622984,0.95131488,0.576764424,0.946593685,0.548559414,0.895533471,0.548559414,0.904988688,0.548559414,0.895533471,0.612579423,0.895044676,0.576764424,0.861441494,0.582622984,fake
0.904988688,0.552116576,0.895044676,0.582622984,0.95131488,0.576764424,0.946593685,0.548559414,0.895533471,0.548559414,0.904988688,0.548559414,0.895533471,0.612579423,0.895044676,0.576764424,0.861441494,0.582622984,0.946058996,0.548559414,fake
0.895044676,0.582622984,0.95131488,0.576764424,0.946593685,0.548559414,0.895533471,0.548559414,0.904988688,0.548559414,0.895533471,0.612579423,0.895044676,0.576764424,0.861441494,0.582622984,0.946058996,0.548559414,0.946058996,0.576764424,fake
